{"epoch": 0, "time_epoch": 193.68348, "eta": 1162.10088, "eta_hours": 0.32281, "loss": 0.69307512, "lr": 0.0, "params": 216673, "time_iter": 3.58673, "accuracy": 0.48608, "precision": 0.44495, "recall": 0.49114, "f1": 0.46691, "auc": 0.50626}
{"epoch": 1, "time_epoch": 204.54957, "eta": 995.58262, "eta_hours": 0.27655, "loss": 0.67567771, "lr": 0.0002, "params": 216673, "time_iter": 3.78796, "accuracy": 0.60441, "precision": 0.57377, "recall": 0.53165, "f1": 0.55191, "auc": 0.63498}
{"epoch": 2, "time_epoch": 159.26363, "eta": 743.3289, "eta_hours": 0.20648, "loss": 0.64321276, "lr": 0.0004, "params": 216673, "time_iter": 2.94933, "accuracy": 0.70998, "precision": 0.70655, "recall": 0.62785, "f1": 0.66488, "auc": 0.76475}
{"epoch": 3, "time_epoch": 272.39914, "eta": 622.42187, "eta_hours": 0.17289, "loss": 0.59623193, "lr": 0.0006, "params": 216673, "time_iter": 5.04443, "accuracy": 0.77378, "precision": 0.78409, "recall": 0.69873, "f1": 0.73896, "auc": 0.80702}
{"epoch": 4, "time_epoch": 254.34253, "eta": 433.69534, "eta_hours": 0.12047, "loss": 0.55058702, "lr": 0.0008, "params": 216673, "time_iter": 4.71005, "accuracy": 0.79118, "precision": 0.78215, "recall": 0.75443, "f1": 0.76804, "auc": 0.85828}
{"epoch": 5, "time_epoch": 192.06255, "eta": 212.71682, "eta_hours": 0.05909, "loss": 0.51945035, "lr": 0.001, "params": 216673, "time_iter": 3.55671, "accuracy": 0.81206, "precision": 0.81572, "recall": 0.76203, "f1": 0.78796, "auc": 0.83796}
{"epoch": 6, "time_epoch": 320.17899, "eta": 0.0, "eta_hours": 0.0, "loss": 0.45274956, "lr": 0.0005, "params": 216673, "time_iter": 5.92924, "accuracy": 0.86311, "precision": 0.85422, "recall": 0.84557, "f1": 0.84987, "auc": 0.91038}
