{"epoch": 0, "time_epoch": 31.18721, "eta": 1995.98123, "eta_hours": 0.55444, "loss": 1.95328567, "lr": 0.0, "params": 130887, "time_iter": 0.08361, "accuracy": 0.14024, "f1": 0.0595, "auc": 0.48806}
{"epoch": 1, "time_epoch": 28.76856, "eta": 1888.60665, "eta_hours": 0.52461, "loss": 1.73046707, "lr": 0.0002, "params": 130887, "time_iter": 0.07713, "accuracy": 0.56349, "f1": 0.55732, "auc": 0.88153}
{"epoch": 2, "time_epoch": 28.53396, "eta": 1828.78777, "eta_hours": 0.508, "loss": 1.31866999, "lr": 0.0004, "params": 130887, "time_iter": 0.0765, "accuracy": 0.84884, "f1": 0.84732, "auc": 0.97529}
{"epoch": 3, "time_epoch": 29.11384, "eta": 1793.45442, "eta_hours": 0.49818, "loss": 0.89801709, "lr": 0.0006, "params": 130887, "time_iter": 0.07805, "accuracy": 0.91401, "f1": 0.91351, "auc": 0.98746}
{"epoch": 4, "time_epoch": 29.41659, "eta": 1764.2419, "eta_hours": 0.49007, "loss": 0.58301736, "lr": 0.0008, "params": 130887, "time_iter": 0.07886, "accuracy": 0.9345, "f1": 0.93421, "auc": 0.99158}
{"epoch": 5, "time_epoch": 30.19508, "eta": 1742.6165, "eta_hours": 0.48406, "loss": 0.40984904, "lr": 0.001, "params": 130887, "time_iter": 0.08095, "accuracy": 0.93332, "f1": 0.93309, "auc": 0.99257}
{"epoch": 6, "time_epoch": 30.17226, "eta": 1718.35355, "eta_hours": 0.47732, "loss": 0.28572433, "lr": 0.00099931, "params": 130887, "time_iter": 0.08089, "accuracy": 0.95029, "f1": 0.95018, "auc": 0.99475}
{"epoch": 7, "time_epoch": 29.62233, "eta": 1688.695, "eta_hours": 0.46908, "loss": 0.20598567, "lr": 0.00099726, "params": 130887, "time_iter": 0.07942, "accuracy": 0.96087, "f1": 0.96084, "auc": 0.99686}
{"epoch": 8, "time_epoch": 29.96583, "eta": 1661.18185, "eta_hours": 0.46144, "loss": 0.16957038, "lr": 0.00099384, "params": 130887, "time_iter": 0.08034, "accuracy": 0.96339, "f1": 0.96327, "auc": 0.99756}
{"epoch": 9, "time_epoch": 29.57043, "eta": 1631.00347, "eta_hours": 0.45306, "loss": 0.13828692, "lr": 0.00098907, "params": 130887, "time_iter": 0.07928, "accuracy": 0.97061, "f1": 0.97049, "auc": 0.99804}
{"epoch": 10, "time_epoch": 29.49244, "eta": 1600.55278, "eta_hours": 0.4446, "loss": 0.12797375, "lr": 0.00098296, "params": 130887, "time_iter": 0.07907, "accuracy": 0.97078, "f1": 0.97075, "auc": 0.99821}
{"epoch": 11, "time_epoch": 29.65103, "eta": 1570.96223, "eta_hours": 0.43638, "loss": 0.11732896, "lr": 0.00097553, "params": 130887, "time_iter": 0.07949, "accuracy": 0.97212, "f1": 0.97204, "auc": 0.99822}
{"epoch": 12, "time_epoch": 28.74511, "eta": 1537.7387, "eta_hours": 0.42715, "loss": 0.09579348, "lr": 0.00096679, "params": 130887, "time_iter": 0.07706, "accuracy": 0.9785, "f1": 0.97848, "auc": 0.99882}
{"epoch": 13, "time_epoch": 29.70857, "eta": 1508.66469, "eta_hours": 0.41907, "loss": 0.07766877, "lr": 0.00095677, "params": 130887, "time_iter": 0.07965, "accuracy": 0.97985, "f1": 0.9798, "auc": 0.99933}
{"epoch": 14, "time_epoch": 28.9997, "eta": 1477.14316, "eta_hours": 0.41032, "loss": 0.07365908, "lr": 0.0009455, "params": 130887, "time_iter": 0.07775, "accuracy": 0.98119, "f1": 0.98115, "auc": 0.99924}
{"epoch": 15, "time_epoch": 29.81796, "eta": 1448.44277, "eta_hours": 0.40235, "loss": 0.06093486, "lr": 0.00093301, "params": 130887, "time_iter": 0.07994, "accuracy": 0.98404, "f1": 0.98404, "auc": 0.99939}
{"epoch": 16, "time_epoch": 28.83038, "eta": 1416.82245, "eta_hours": 0.39356, "loss": 0.0570439, "lr": 0.00091934, "params": 130887, "time_iter": 0.07729, "accuracy": 0.98589, "f1": 0.98587, "auc": 0.99961}
{"epoch": 17, "time_epoch": 29.37068, "eta": 1386.9229, "eta_hours": 0.38526, "loss": 0.06283636, "lr": 0.00090451, "params": 130887, "time_iter": 0.07874, "accuracy": 0.98371, "f1": 0.98371, "auc": 0.99932}
{"epoch": 18, "time_epoch": 30.34039, "eta": 1359.42674, "eta_hours": 0.37762, "loss": 0.05533559, "lr": 0.00088857, "params": 130887, "time_iter": 0.08134, "accuracy": 0.98404, "f1": 0.98402, "auc": 0.99965}
{"epoch": 19, "time_epoch": 29.99344, "eta": 1330.86554, "eta_hours": 0.36968, "loss": 0.04649145, "lr": 0.00087157, "params": 130887, "time_iter": 0.08041, "accuracy": 0.9869, "f1": 0.9869, "auc": 0.99966}
{"epoch": 20, "time_epoch": 30.83689, "eta": 1303.93514, "eta_hours": 0.3622, "loss": 0.03027686, "lr": 0.00085355, "params": 130887, "time_iter": 0.08267, "accuracy": 0.99194, "f1": 0.99194, "auc": 0.99986}
{"epoch": 21, "time_epoch": 29.03125, "eta": 1273.12041, "eta_hours": 0.35364, "loss": 0.02654931, "lr": 0.00083457, "params": 130887, "time_iter": 0.07783, "accuracy": 0.99278, "f1": 0.99273, "auc": 0.99991}
{"epoch": 22, "time_epoch": 29.78978, "eta": 1243.84591, "eta_hours": 0.34551, "loss": 0.03013668, "lr": 0.00081466, "params": 130887, "time_iter": 0.07987, "accuracy": 0.99311, "f1": 0.99311, "auc": 0.99981}
{"epoch": 23, "time_epoch": 29.67466, "eta": 1214.33181, "eta_hours": 0.33731, "loss": 0.03934945, "lr": 0.00079389, "params": 130887, "time_iter": 0.07956, "accuracy": 0.98959, "f1": 0.9896, "auc": 0.99947}
{"epoch": 24, "time_epoch": 29.46489, "eta": 1184.46923, "eta_hours": 0.32902, "loss": 0.02511816, "lr": 0.00077232, "params": 130887, "time_iter": 0.07899, "accuracy": 0.99328, "f1": 0.99331, "auc": 0.99992}
{"epoch": 25, "time_epoch": 29.94784, "eta": 1155.36167, "eta_hours": 0.32093, "loss": 0.03074177, "lr": 0.00075, "params": 130887, "time_iter": 0.08029, "accuracy": 0.9911, "f1": 0.99108, "auc": 0.99989}
{"epoch": 26, "time_epoch": 29.20749, "eta": 1125.14989, "eta_hours": 0.31254, "loss": 0.02664348, "lr": 0.000727, "params": 130887, "time_iter": 0.0783, "accuracy": 0.99345, "f1": 0.99345, "auc": 0.99988}
{"epoch": 27, "time_epoch": 33.32975, "eta": 1100.45712, "eta_hours": 0.30568, "loss": 0.02509524, "lr": 0.00070337, "params": 130887, "time_iter": 0.08936, "accuracy": 0.99295, "f1": 0.99296, "auc": 0.99993}
{"epoch": 28, "time_epoch": 29.79575, "eta": 1070.78165, "eta_hours": 0.29744, "loss": 0.02212049, "lr": 0.00067918, "params": 130887, "time_iter": 0.07988, "accuracy": 0.99395, "f1": 0.99397, "auc": 0.99992}
{"epoch": 29, "time_epoch": 29.92969, "eta": 1041.25443, "eta_hours": 0.28924, "loss": 0.00857193, "lr": 0.00065451, "params": 130887, "time_iter": 0.08024, "accuracy": 0.99832, "f1": 0.99834, "auc": 0.99997}
{"epoch": 30, "time_epoch": 28.62876, "eta": 1010.27441, "eta_hours": 0.28063, "loss": 0.01224237, "lr": 0.00062941, "params": 130887, "time_iter": 0.07675, "accuracy": 0.99647, "f1": 0.99645, "auc": 0.99998}
{"epoch": 31, "time_epoch": 29.90562, "eta": 980.75811, "eta_hours": 0.27243, "loss": 0.01332208, "lr": 0.00060396, "params": 130887, "time_iter": 0.08018, "accuracy": 0.99597, "f1": 0.99597, "auc": 0.99998}
{"epoch": 32, "time_epoch": 29.99366, "eta": 951.30359, "eta_hours": 0.26425, "loss": 0.02174015, "lr": 0.00057822, "params": 130887, "time_iter": 0.08041, "accuracy": 0.99412, "f1": 0.99409, "auc": 0.99981}
{"epoch": 33, "time_epoch": 29.91401, "eta": 921.74473, "eta_hours": 0.25604, "loss": 0.00791574, "lr": 0.00055226, "params": 130887, "time_iter": 0.0802, "accuracy": 0.99798, "f1": 0.998, "auc": 0.99987}
{"epoch": 34, "time_epoch": 30.58798, "eta": 892.74327, "eta_hours": 0.24798, "loss": 0.01715222, "lr": 0.00052617, "params": 130887, "time_iter": 0.08201, "accuracy": 0.99614, "f1": 0.99611, "auc": 0.99992}
{"epoch": 35, "time_epoch": 29.06617, "eta": 862.42777, "eta_hours": 0.23956, "loss": 0.00492077, "lr": 0.0005, "params": 130887, "time_iter": 0.07793, "accuracy": 0.99849, "f1": 0.99848, "auc": 1.0}
{"epoch": 36, "time_epoch": 29.03823, "eta": 832.15866, "eta_hours": 0.23116, "loss": 0.00711093, "lr": 0.00047383, "params": 130887, "time_iter": 0.07785, "accuracy": 0.99832, "f1": 0.99831, "auc": 0.99999}
{"epoch": 37, "time_epoch": 29.60856, "eta": 802.35956, "eta_hours": 0.22288, "loss": 0.00518671, "lr": 0.00044774, "params": 130887, "time_iter": 0.07938, "accuracy": 0.99882, "f1": 0.99882, "auc": 0.99999}
{"epoch": 38, "time_epoch": 29.55145, "eta": 772.53216, "eta_hours": 0.21459, "loss": 0.00245497,