{"epoch": 27, "time_epoch": 109.26053, "time_epoch_std": 0.0, "eta": 6600.18164, "eta_std": 0.0, "eta_hours": 1.83338, "eta_hours_std": 0.0, "loss": 0.22869, "loss_std": 0.0, "lr": 0.00086, "lr_std": 0.0, "params": 135811.0, "params_std": 0.0, "time_iter": 2.02334, "time_iter_std": 0.0, "accuracy": 0.94249, "accuracy_std": 0.0, "f1": 0.93979, "f1_std": 0.0, "auc": 0.97722, "auc_std": 0.0}
