{"epoch": 18, "time_epoch": 51.09175, "time_epoch_std": 0.0, "eta": 1591.71396, "eta_std": 0.0, "eta_hours": 0.44214, "eta_hours_std": 0.0, "loss": 0.38194, "loss_std": 0.0, "lr": 0.00084, "lr_std": 0.0, "params": 169027.0, "params_std": 0.0, "time_iter": 0.94614, "time_iter_std": 0.0, "accuracy": 0.88732, "accuracy_std": 0.0, "f1": 0.88078, "f1_std": 0.0, "auc": 0.95919, "auc_std": 0.0}
