{"epoch": 0, "time_epoch": 308.73638, "eta": 15128.08284, "eta_hours": 4.20225, "loss": 0.70408381, "lr": 0.0, "params": 168897, "time_iter": 5.71734, "accuracy": 0.45824, "precision": 0.45824, "recall": 1.0, "f1": 0.62848, "auc": 0.51608}
{"epoch": 1, "time_epoch": 340.80228, "eta": 15588.92788, "eta_hours": 4.33026, "loss": 0.67538928, "lr": 0.0002, "params": 168897, "time_iter": 6.31115, "accuracy": 0.58237, "precision": 0.52941, "recall": 0.79747, "f1": 0.63636, "auc": 0.68802}
{"epoch": 2, "time_epoch": 340.04461, "eta": 15503.47122, "eta_hours": 4.30652, "loss": 0.62572322, "lr": 0.0004, "params": 168897, "time_iter": 6.29712, "accuracy": 0.74942, "precision": 0.69845, "recall": 0.79747, "f1": 0.74468, "auc": 0.81708}
{"epoch": 3, "time_epoch": 317.99403, "eta": 15037.13893, "eta_hours": 4.17698, "loss": 0.56486573, "lr": 0.0006, "params": 168897, "time_iter": 5.88878, "accuracy": 0.82019, "precision": 0.79268, "recall": 0.82278, "f1": 0.80745, "auc": 0.86383}
{"epoch": 4, "time_epoch": 329.04576, "eta": 14729.60754, "eta_hours": 4.09156, "loss": 0.52412519, "lr": 0.0008, "params": 168897, "time_iter": 6.09344, "accuracy": 0.82599, "precision": 0.80856, "recall": 0.81266, "f1": 0.81061, "auc": 0.89588}
{"epoch": 5, "time_epoch": 338.54953, "eta": 14484.59895, "eta_hours": 4.0235, "loss": 0.48641308, "lr": 0.001, "params": 168897, "time_iter": 6.26944, "accuracy": 0.84339, "precision": 0.82338, "recall": 0.83797, "f1": 0.83061, "auc": 0.89288}
{"epoch": 6, "time_epoch": 287.10415, "eta": 13896.8428, "eta_hours": 3.86023, "loss": 0.44637704, "lr": 0.00099878, "params": 168897, "time_iter": 5.31674, "accuracy": 0.86427, "precision": 0.86198, "recall": 0.83797, "f1": 0.84981, "auc": 0.896}
{"epoch": 7, "time_epoch": 316.26329, "eta": 13537.33514, "eta_hours": 3.76037, "loss": 0.44245299, "lr": 0.00099513, "params": 168897, "time_iter": 5.85673, "accuracy": 0.84455, "precision": 0.85753, "recall": 0.79241, "f1": 0.82368, "auc": 0.89184}
{"epoch": 8, "time_epoch": 317.90533, "eta": 13194.91773, "eta_hours": 3.66525, "loss": 0.39285098, "lr": 0.00098907, "params": 168897, "time_iter": 5.88714, "accuracy": 0.87703, "precision": 0.87147, "recall": 0.85823, "f1": 0.8648, "auc": 0.92247}
{"epoch": 9, "time_epoch": 366.59589, "eta": 13052.16498, "eta_hours": 3.6256, "loss": 0.35042468, "lr": 0.00098063, "params": 168897, "time_iter": 6.78881, "accuracy": 0.89907, "precision": 0.885, "recall": 0.8962, "f1": 0.89057, "auc": 0.94429}
