{"epoch": 0, "time_epoch": 714.43064, "eta": 18575.19658, "eta_hours": 5.15978, "loss": 0.69485321, "lr": 0.0, "params": 233028, "time_iter": 13.2302, "accuracy": 0.47448, "precision": 0.41944, "recall": 0.38228, "f1": 0.4, "auc": 0.45734}
