{"epoch": 0, "time_epoch": 272.81845, "eta": 16096.28869, "eta_hours": 4.47119, "loss": 1.09639478, "lr": 0.0, "params": 169027, "time_iter": 5.05219, "accuracy": 0.37324, "f1": 0.28309, "auc": 0.50021}
{"epoch": 1, "time_epoch": 247.55212, "eta": 15090.7466, "eta_hours": 4.19187, "loss": 1.07354723, "lr": 0.00033333, "params": 169027, "time_iter": 4.5843, "accuracy": 0.43427, "f1": 0.33553, "auc": 0.54677}
{"epoch": 2, "time_epoch": 259.72, "eta": 14821.72086, "eta_hours": 4.11714, "loss": 1.04485694, "lr": 0.00066667, "params": 169027, "time_iter": 4.80963, "accuracy": 0.45188, "f1": 0.32675, "auc": 0.61861}
{"epoch": 3, "time_epoch": 243.81488, "eta": 14334.67631, "eta_hours": 3.98185, "loss": 1.00793966, "lr": 0.001, "params": 169027, "time_iter": 4.51509, "accuracy": 0.53521, "f1": 0.44795, "auc": 0.679}
{"epoch": 4, "time_epoch": 235.5316, "eta": 13853.80753, "eta_hours": 3.84828, "loss": 0.93806649, "lr": 0.00099924, "params": 169027, "time_iter": 4.3617, "accuracy": 0.5716, "f1": 0.54325, "auc": 0.75879}
{"epoch": 5, "time_epoch": 219.13196, "eta": 13307.1211, "eta_hours": 3.69642, "loss": 0.87562126, "lr": 0.00099697, "params": 169027, "time_iter": 4.058, "accuracy": 0.64554, "f1": 0.63323, "auc": 0.7969}
{"epoch": 6, "time_epoch": 248.16561, "eta": 13073.84787, "eta_hours": 3.63162, "loss": 0.80167908, "lr": 0.00099318, "params": 169027, "time_iter": 4.59566, "accuracy": 0.71009, "f1": 0.69553, "auc": 0.84373}
{"epoch": 7, "time_epoch": 225.19427, "eta": 12687.53782, "eta_hours": 3.52432, "loss": 0.74611261, "lr": 0.0009879, "params": 169027, "time_iter": 4.17026, "accuracy": 0.74296, "f1": 0.73673, "auc": 0.85733}
{"epoch": 8, "time_epoch": 272.28218, "eta": 12603.86276, "eta_hours": 3.50107, "loss": 0.71652329, "lr": 0.00098113, "params": 169027, "time_iter": 5.04226, "accuracy": 0.74178, "f1": 0.73392, "auc": 0.86667}
{"epoch": 9, "time_epoch": 244.96262, "eta": 12345.86848, "eta_hours": 3.42941, "loss": 0.63831297, "lr": 0.00097291, "params": 169027, "time_iter": 4.53634, "accuracy": 0.78404, "f1": 0.78146, "auc": 0.90381}
{"epoch": 10, "time_epoch": 242.98199, "eta": 12081.42079, "eta_hours": 3.35595, "loss": 0.60268423, "lr": 0.00096325, "params": 169027, "time_iter": 4.49967, "accuracy": 0.79812, "f1": 0.79042, "auc": 0.91039}
{"epoch": 11, "time_epoch": 220.06761, "eta": 11728.8932, "eta_hours": 3.25803, "loss": 0.57346064, "lr": 0.00095218, "params": 169027, "time_iter": 4.07533, "accuracy": 0.80516, "f1": 0.79657, "auc": 0.91864}
{"epoch": 12, "time_epoch": 252.38819, "eta": 11513.5954, "eta_hours": 3.19822, "loss": 0.56191121, "lr": 0.00093974, "params": 169027, "time_iter": 4.67386, "accuracy": 0.80634, "f1": 0.79842, "auc": 0.92161}
{"epoch": 13, "time_epoch": 245.03409, "eta": 11268.8355, "eta_hours": 3.13023, "loss": 0.46106362, "lr": 0.00092596, "params": 169027, "time_iter": 4.53767, "accuracy": 0.87089, "f1": 0.86883, "auc": 0.94281}
{"epoch": 14, "time_epoch": 174.4905, "eta": 10812.40825, "eta_hours": 3.00345, "loss": 0.47302396, "lr": 0.00091089, "params": 169027, "time_iter": 3.23131, "accuracy": 0.85563, "f1": 0.85154, "auc": 0.93601}
{"epoch": 15, "time_epoch": 246.22663, "eta": 10588.49745, "eta_hours": 2.94125, "loss": 0.41138805, "lr": 0.00089457, "params": 169027, "time_iter": 4.55975, "accuracy": 0.88732, "f1": 0.88233, "auc": 0.95005}
{"epoch": 16, "time_epoch": 231.6425, "eta": 10325.07201, "eta_hours": 2.86808, "loss": 0.40480191, "lr": 0.00087705, "params": 169027, "time_iter": 4.28968, "accuracy": 0.87441, "f1": 0.87072, "auc": 0.95151}
{"epoch": 17, "time_epoch": 208.66055, "eta": 10011.55345, "eta_hours": 2.78099, "loss": 0.38702393, "lr": 0.00085839, "params": 169027, "time_iter": 3.86408, "accuracy": 0.88263, "f1": 0.87985, "auc": 0.96363}
{"epoch": 18, "time_epoch": 199.33959, "eta": 9688.95893, "eta_hours": 2.69138, "loss": 0.31042863, "lr": 0.00083864, "params": 169027, "time_iter": 3.69147, "accuracy": 0.92606, "f1": 0.92128, "auc": 0.96789}
{"epoch": 19, "time_epoch": 240.4447, "eta": 9460.90011, "eta_hours": 2.62803, "loss": 0.32854446, "lr": 0.00081786, "params": 169027, "time_iter": 4.45268, "accuracy": 0.90845, "f1": 0.90337, "auc": 0.96932}
{"epoch": 20, "time_epoch": 236.05391, "eta": 9223.50737, "eta_hours": 2.56209, "loss": 0.33567286, "lr": 0.00079612, "params": 169027, "time_iter": 4.37137, "accuracy": 0.89554, "f1": 0.8906, "auc": 0.9685}
{"epoch": 21, "time_epoch": 230.38684, "eta": 8976.44776, "eta_hours": 2.49346, "loss": 0.30984048, "lr": 0.00077347, "params": 169027, "time_iter": 4.26642, "accuracy": 0.9108, "f1": 0.90689, "auc": 0.97069}
