{"epoch": 0, "time_epoch": 1363.54533, "eta": 12271.90801, "eta_hours": 3.40886, "loss": 1.11467545, "lr": 0.0, "params": 233158, "time_iter": 25.25084, "accuracy": 0.22418, "f1": 0.20771, "auc": 0.46414}
{"epoch": 1, "time_epoch": 2199.92035, "eta": 14253.86272, "eta_hours": 3.95941, "loss": 1.07860017, "lr": 0.00033333, "params": 233158, "time_iter": 40.73927, "accuracy": 0.40141, "f1": 0.35093, "auc": 0.54923}
{"epoch": 2, "time_epoch": 2214.88254, "eta": 13482.81251, "eta_hours": 3.74523, "loss": 1.04535089, "lr": 0.00066667, "params": 233158, "time_iter": 41.01634, "accuracy": 0.46714, "f1": 0.33579, "auc": 0.59888}
{"epoch": 3, "time_epoch": 2216.74517, "eta": 11992.64008, "eta_hours": 3.33129, "loss": 0.99738129, "lr": 0.001, "params": 233158, "time_iter": 41.05084, "accuracy": 0.53521, "f1": 0.44481, "auc": 0.68102}
{"epoch": 4, "time_epoch": 2171.91142, "eta": 10167.00481, "eta_hours": 2.82417, "loss": 0.92529952, "lr": 0.00095048, "params": 233158, "time_iter": 40.22058, "accuracy": 0.60211, "f1": 0.52936, "auc": 0.76089}
{"epoch": 5, "time_epoch": 2192.6559, "eta": 8239.77381, "eta_hours": 2.28883, "loss": 0.84553316, "lr": 0.00081174, "params": 233158, "time_iter": 40.60474, "accuracy": 0.68545, "f1": 0.65177, "auc": 0.82802}
